701a216dc42833ea3b702b478a62c031, 9e1fdb21d8e2a3ff69dd2ae8cb213801, 1e Monteur, 1, 1, 66, 80, 1
701a216dc42833ea3b702b478a62c031, 9e1fdb21d8e2a3ff69dd2ae8cb213801, 1e Monteur, 1, 2, 66, 80, 2
701a216dc42833ea3b702b478a62c031, 9e1fdb21d8e2a3ff69dd2ae8cb213801, 1e Monteur, 2, 2, 66, 80, 2
701a216dc42833ea3b702b478a62c031, 9e1fdb21d8e2a3ff69dd2ae8cb213801, 1e Monteur, 3, 3, 66, 80, 3

gegbdgegg334g909000039mggiwfwwww, 9e1fdb21d8e2a3ff69dd2ae8cb213801, 1e Monteur, 2, 2, 80, 67, 1
gegbdgegg334g909000039mggiwfwwww, 9e1fdb21d8e2a3ff69dd2ae8cb213801, 1e Monteur, 2, 2, 80, 79, 2

b4e4386fd4ad333987172f63577feb5d, 6938fdf48391019a5f9e0f0a0f985da4, 1e Monteur, 1, 1, 80, 80, 1
b4e4386fd4ad333987172f63577feb5d, 6938fdf48391019a5f9e0f0a0f985da4, 1e Monteur, 1, 1, 80, 88, 2
b4e4386fd4ad333987172f63577feb5d, 6938fdf48391019a5f9e0f0a0f985da4, 1e Monteur, 1, 1, 80, 90, 2
b4e4386fd4ad333987172f63577feb5d, 6938fdf48391019a5f9e0f0a0f985da4, 1e Monteur, 1, 2, 80, 74, 3

7be2ad1de7f6e1efd84b1d0ddf8aef40, 6938fdf48391019a5f9e0f0a0f985da4, 1e Monteur, 1, 1, 80, 77, 1
7be2ad1de7f6e1efd84b1d0ddf8aef40, 6938fdf48391019a5f9e0f0a0f985da4, 1e Monteur, 1, 3, 80, 82, 2
7be2ad1de7f6e1efd84b1d0ddf8aef40, 6938fdf48391019a5f9e0f0a0f985da4, 1e Monteur, 2, 1, 80, 77, 3

a1ad3b3e96687baae57d44ac41946cb1, b012f199a41ef56f1b4668ce791d6159, 2de Monteur, 1, 1, 80, 69, 1
a1ad3b3e96687baae57d44ac41946cb1, b012f199a41ef56f1b4668ce791d6159, 2de Monteur, 1, 1, 80, 75, 2
a1ad3b3e96687baae57d44ac41946cb1, b012f199a41ef56f1b4668ce791d6159, 2de Monteur, 1, 2, 75, 73, 2
a1ad3b3e96687baae57d44ac41946cb1, b012f199a41ef56f1b4668ce791d6159, 2de Monteur, 2, 2, 75, 76, 3

4ed53c9f2cd79f109f3e56649d32f3d6, 03df01f1050f36202d785bffb003d9b1, 2de Monteur, 2, 2, 80, 78, 1
4ed53c9f2cd79f109f3e56649d32f3d6, 03df01f1050f36202d785bffb003d9b1, 2de Monteur, 2, 3, 80, 82, 2
4ed53c9f2cd79f109f3e56649d32f3d6, 03df01f1050f36202d785bffb003d9b1, 2de Monteur, 2, 3, 80, 76, 3

c9dabdb289ac5c64e4d6a0464f559b7f, 03df01f1050f36202d785bffb003d9b1, 2de Monteur, 1, 3, 80, 80, 1
c9dabdb289ac5c64e4d6a0464f559b7f, 03df01f1050f36202d785bffb003d9b1, 2de Monteur, 1, 3, 80, 81, 2
c9dabdb289ac5c64e4d6a0464f559b7f, 03df01f1050f36202d785bffb003d9b1, 2de Monteur, 1, 3, 80, 86, 2

c53126e35bbf3b3de66ebd27cc39c79f, 400ac7478e018c7fa6c0b4f76e8e7b59, Coordinator, 3, 3, 65, 59, 1
c53126e35bbf3b3de66ebd27cc39c79f, 400ac7478e018c7fa6c0b4f76e8e7b59, Coordinator, 3, 3, 65, 59, 1
c53126e35bbf3b3de66ebd27cc39c79f, 400ac7478e018c7fa6c0b4f76e8e7b59, Coordinator, 4, 1, 65, 59, 1

c53126e35bbf3b3de66ebd27rm3g3m33, 400ac7478e018c7fa6c0b4f76e8e7b59, Servicedesk Medewerker, 1, 3, 65, 59, 1
c53126e35bbf3b3de66ebd27rm3g3m33, 400ac7478e018c7fa6c0b4f76e8e7b59, Servicedesk Allrounder, 2, 1, 65, 59, 2
c53126e35bbf3b3de66ebd27rm3g3m33, 400ac7478e018c7fa6c0b4f76e8e7b59, Servicedesk Medewerker, 2, 2, 65, 59, 3

b4e4386fd4ad333525946929rgmgeeid, 6938fdf48391019a5f9e0f0a0f985da4, Programmeur, 2, 3, 80, 80, 1
b4e4386fd4ad333525946929rgmgeeid, 6938fdf48391019a5f9e0f0a0f985da4, Programmeur, 2, 3, 80, 88, 1
b4e4386fd4ad333525946929rgmgeeid, 6938fdf48391019a5f9e0f0a0f985da4, Programmeur, 3, 1, 80, 78, 2
b4e4386fd4ad333525946929rgmgeeid, 6938fdf48391019a5f9e0f0a0f985da4, Programmeur, 3, 1, 80, 79, 3

4649gj9gmfgw929mwg9g39gmeg9g3192, 9e1fdb21d8e2a3ff69dd2ae8cb213801, Sales, 1, 1, 80, 77, 1
4649gj9gmfgw929mwg9g39gmeg9g3192, 9e1fdb21d8e2a3ff69dd2ae8cb213801, Sales, 1, 2, 80, 78, 2
4649gj9gmfgw929mwg9g39gmeg9g3192, 9e1fdb21d8e2a3ff69dd2ae8cb213801, Sales, 1, 3, 80, 81, 2
4649gj9gmfgw929mwg9g39gmeg9g3192, 9e1fdb21d8e2a3ff69dd2ae8cb213801, Sales, 2, 1, 80, 90, 2
4649gj9gmfgw929mwg9g39gmeg9g3192, 6938fdf48391019a5f9e0f0a0f985da4, Sales, 2, 3, 80, 85, 3
4649gj9gmfgw929mwg9g39gmeg9g3192, 6938fdf48391019a5f9e0f0a0f985da4, Sales, 3, 2, 80, 82, 4

b4e438529gmbe0032geg3g43m3g9m39d, 6938fdf48391019a5f9e0f0a0f985da4, Project Manager, 1, 1, 80, 80, 1
b4e438529gmbe0032geg3g43m3g9m39d, 6938fdf48391019a5f9e0f0a0f985da4, Project Manager, 1, 3, 80, 88, 2

3eggeg0gg9eggnenge9ge94nbnw0gfg3, 6938fdf48391019a5f9e0f0a0f985da4, Sales, 3, 1, 80, 77, 1
3eggeg0gg9eggnenge9ge94nbnw0gfg3, 6938fdf48391019a5f9e0f0a0f985da4, Sales, 3, 1, 80, 82, 2
3eggeg0gg9eggnenge9ge94nbnw0gfg3, 6938fdf48391019a5f9e0f0a0f985da4, Sales, 3, 2, 80, 77, 3

hggg3333566433333hheeheqfwfwfwff, 6938fdf48391019a5f9e0f0a0f985da4, Creative Director, 3, 2, 80, 75, 1
hggg3333566433333hheeheqfwfwfwff, 6938fdf48391019a5f9e0f0a0f985da4, Creative Director, 3, 2, 80, 80, 1
hggg3333566433333hheeheqfwfwfwff, 6938fdf48391019a5f9e0f0a0f985da4, Creative Director, 3, 3, 80, 87, 2

hhhhhhhh3333333ffffffffdddddddd, 9e1fdb21d8e2a3ff69dd2ae8cb213801, Creative Designer, 2, 1, 80, 67, 1
hhhhhhhh3333333ffffffffdddddddd, 9e1fdb21d8e2a3ff69dd2ae8cb213801, Creative Designer, 2, 1, 80, 77, 2
hhhhhhhh3333333ffffffffdddddddd, 9e1fdb21d8e2a3ff69dd2ae8cb213801, Creative Designer, 2, 1, 80, 82, 2
hhhhhhhh3333333ffffffffdddddddd, 9e1fdb21d8e2a3ff69dd2ae8cb213801, Creative Designer, 2, 2, 80, 80, 3
hhhhhhhh3333333ffffffffdddddddd, 9e1fdb21d8e2a3ff69dd2ae8cb213801, Creative Designer, 2, 3, 80, 77, 4

hjtjtfgwgwgwerhrwqgjkikii333341, 9e1fdb21d8e2a3ff69dd2ae8cb213801, Content Creator, 2, 1, 80, 81, 1
hjtjtfgwgwgwerhrwqgjkikii333341, 9e1fdb21d8e2a3ff69dd2ae8cb213801, Content Creator, 2, 2, 80, 77, 2
hjtjtfgwgwgwerhrwqgjkikii333341, 9e1fdb21d8e2a3ff69dd2ae8cb213801, Content Creator, 2, 2, 80, 89, 3

hibbr2f2g3g1mf93gm39mhhvfaafwf88, 9e1fdb21d8e2a3ff69dd2ae8cb213801, C# Developer, 2, 1, 90, 94, 1
hibbr2f2g3g1mf93gm39mhhvfaafwf88, 9e1fdb21d8e2a3ff69dd2ae8cb213801, Content Creator, 2, 2, 80, 77, 2
hibbr2f2g3g1mf93gm39mhhvfaafwf88, 9e1fdb21d8e2a3ff69dd2ae8cb213801, Content Creator, 2, 2, 80, 84, 3

75a7654488f11a1107a76ddb4093ec0c, 8bae9e8bff6f36a86f771263210f9e43, Account support, 1, 1,	80, 83, 1
75a7654488f11a1107a76ddb4093ec0c, 8bae9e8bff6f36a86f771263210f9e43, Account support, 1, 2,	80, 77, 2
75a7654488f11a1107a76ddb4093ec0c, 8bae9e8bff6f36a86f771263210f9e43, Account support, 1, 2,	80, 81, 2

55555555555555555555555555555551, 03df01f1050f36202d785bffb003d9b1, Stukadoor, 4, 1, 80, 78, 1
55555555555555555555555555555551, 03df01f1050f36202d785bffb003d9b1, Stukadoor, 4, 1, 80, 82, 2
55555555555555555555555555555551, 03df01f1050f36202d785bffb003d9b1, Stukadoor, 4, 2, 80, 76, 3

55555555555555555555555555555552, 03df01f1050f36202d785bffb003d9b1, Stukadoor, 4, 1, 80, 78, 1
55555555555555555555555555555552, 03df01f1050f36202d785bffb003d9b1, Stukadoor, 4, 2, 80, 82, 2
55555555555555555555555555555552, 03df01f1050f36202d785bffb003d9b1, Stukadoor, 4, 2, 80, 76, 3

55555555555555555555555555555553, 03df01f1050f36202d785bffb003d9b1, Stukadoor, 4, 1, 80, 78, 1
55555555555555555555555555555553, 03df01f1050f36202d785bffb003d9b1, Stukadoor, 4, 2, 80, 82, 2
55555555555555555555555555555553, 03df01f1050f36202d785bffb003d9b1, Stukadoor, 4, 2, 80, 76, 3

55555555555555555555555555555554, 03df01f1050f36202d785bffb003d9b1, Stukadoor, 4, 1, 80, 78, 1
55555555555555555555555555555554, 03df01f1050f36202d785bffb003d9b1, Stukadoor, 4, 2, 80, 89, 2
55555555555555555555555555555554, 03df01f1050f36202d785bffb003d9b1, Stukadoor, 4, 3, 80, 80, 3

55555555555555555555555555555555, 03df01f1050f36202d785bffb003d9b1, Stukadoor, 4, 1, 80, 78, 1
55555555555555555555555555555555, 03df01f1050f36202d785bffb003d9b1, Stukadoor, 4, 2, 80, 89, 2
55555555555555555555555555555555, 03df01f1050f36202d785bffb003d9b1, Stukadoor, 4, 3, 80, 80, 3

55555555555555555555555555555556, 03df01f1050f36202d785bffb003d9b1, Stukadoor, 4, 1, 80, 78, 1
55555555555555555555555555555556, 03df01f1050f36202d785bffb003d9b1, Stukadoor, 4, 1, 80, 89, 2
55555555555555555555555555555556, 03df01f1050f36202d785bffb003d9b1, Stukadoor, 4, 1, 80, 80, 3

55555555555555555555555555555557, 03df01f1050f36202d785bffb003d9b1, Stukadoor, 4, 1, 80, 78, 1
55555555555555555555555555555557, 03df01f1050f36202d785bffb003d9b1, Stukadoor, 4, 1, 80, 89, 2
55555555555555555555555555555557, 03df01f1050f36202d785bffb003d9b1, Stukadoor, 4, 1, 80, 80, 3

55555555555555555555555555555558, 03df01f1050f36202d785bffb003d9b1, Stukadoor, 4, 1, 80, 78, 1
55555555555555555555555555555558, 03df01f1050f36202d785bffb003d9b1, Stukadoor, 4, 1, 80, 89, 2
55555555555555555555555555555558, 03df01f1050f36202d785bffb003d9b1, Stukadoor, 4, 2, 80, 80, 3

55555555555555555555555555555559, 03df01f1050f36202d785bffb003d9b1, Stukadoor, 4, 1, 80, 78, 1
55555555555555555555555555555559, 03df01f1050f36202d785bffb003d9b1, Stukadoor, 4, 1, 80, 89, 2
55555555555555555555555555555559, 03df01f1050f36202d785bffb003d9b1, Stukadoor, 4, 1, 80, 80, 3

55555555555555555555555555555558, 03df01f1050f36202d785bffb003d9b1, Stukadoor, 4, 1, 80, 78, 1
55555555555555555555555555555558, 03df01f1050f36202d785bffb003d9b1, Stukadoor, 4, 1, 80, 89, 2
55555555555555555555555555555558, 03df01f1050f36202d785bffb003d9b1, Stukadoor, 4, 2, 80, 80, 3

11111111111111111111111111111112, 03df01f1050f36202d785bffb003d9b1, Automonteur, 1, 2, 80, 78, 1
11111111111111111111111111111112, 03df01f1050f36202d785bffb003d9b1, Automonteur, 1, 2, 80, 89, 1
11111111111111111111111111111112, 03df01f1050f36202d785bffb003d9b1, Automonteur, 1, 2, 80, 80, 2

11111111111111111111111111111113, 03df01f1050f36202d785bffb003d9b1, Automonteur, 1, 2, 80, 78, 1
11111111111111111111111111111113, 03df01f1050f36202d785bffb003d9b1, Automonteur, 1, 2, 80, 89, 1
11111111111111111111111111111113, 03df01f1050f36202d785bffb003d9b1, Automonteur, 1, 2, 80, 80, 2

11111111111111111111111111111114, 03df01f1050f36202d785bffb003d9b1, Automonteur, 1, 2, 80, 78, 1
11111111111111111111111111111114, 03df01f1050f36202d785bffb003d9b1, Automonteur, 1, 2, 80, 89, 1
11111111111111111111111111111114, 03df01f1050f36202d785bffb003d9b1, Automonteur, 1, 2, 80, 80, 2

11111111111111111111111111111114, 03df01f1050f36202d785bffb003d9b1, Automonteur, 1, 2, 80, 78, 1
11111111111111111111111111111114, 03df01f1050f36202d785bffb003d9b1, Automonteur, 1, 2, 80, 89, 1
11111111111111111111111111111114, 03df01f1050f36202d785bffb003d9b1, Automonteur, 1, 2, 80, 80, 2

11111111111111111111111111111115, 03df01f1050f36202d785bffb003d9b1, Automonteur, 1, 2, 80, 78, 1
11111111111111111111111111111115, 03df01f1050f36202d785bffb003d9b1, Automonteur, 1, 2, 80, 89, 1
11111111111111111111111111111115, 03df01f1050f36202d785bffb003d9b1, Automonteur, 1, 2, 80, 80, 2

11111111111111111111111111111116, 03df01f1050f36202d785bffb003d9b1, Automonteur, 1, 2, 80, 78, 1
11111111111111111111111111111116, 03df01f1050f36202d785bffb003d9b1, Automonteur, 1, 3, 80, 89, 1
11111111111111111111111111111116, 03df01f1050f36202d785bffb003d9b1, Automonteur, 2, 1, 80, 80, 2

11111111111111111111111111111117, 03df01f1050f36202d785bffb003d9b1, Automonteur, 1, 2, 80, 78, 1
11111111111111111111111111111117, 03df01f1050f36202d785bffb003d9b1, Automonteur, 1, 3, 80, 89, 1
11111111111111111111111111111117, 03df01f1050f36202d785bffb003d9b1, Automonteur, 2, 1, 80, 80, 2

11111111111111111111111111111118, 03df01f1050f36202d785bffb003d9b1, Automonteur, 1, 2, 80, 78, 1
11111111111111111111111111111118, 03df01f1050f36202d785bffb003d9b1, Automonteur, 1, 3, 80, 89, 1
11111111111111111111111111111118, 03df01f1050f36202d785bffb003d9b1, Automonteur, 2, 1, 80, 80, 2

11111111111111111111111111111119, 03df01f1050f36202d785bffb003d9b1, Automonteur, 1, 2, 80, 78, 1
11111111111111111111111111111119, 03df01f1050f36202d785bffb003d9b1, Automonteur, 1, 3, 80, 89, 1
11111111111111111111111111111119, 03df01f1050f36202d785bffb003d9b1, Automonteur, 1, 3, 80, 80, 2

11111111111111111111111111111120, 03df01f1050f36202d785bffb003d9b1, Automonteur, 1, 2, 80, 78, 1
11111111111111111111111111111120, 03df01f1050f36202d785bffb003d9b1, Automonteur, 1, 3, 80, 89, 1
11111111111111111111111111111120, 03df01f1050f36202d785bffb003d9b1, Automonteur, 1, 3, 80, 80, 2

33333333333333333333333333333331, 03df01f1050f36202d785bffb003d9b1, Administratief medewerker, 2, 2, 80, 78, 1
33333333333333333333333333333331, 03df01f1050f36202d785bffb003d9b1, Administratief medewerker, 2, 2, 80, 89, 1
33333333333333333333333333333331, 03df01f1050f36202d785bffb003d9b1, Administratief medewerker, 2, 2, 80, 80, 2

33333333333333333333333333333332, 03df01f1050f36202d785bffb003d9b1, Administratief medewerker, 2, 2, 80, 78, 1
33333333333333333333333333333332, 03df01f1050f36202d785bffb003d9b1, Administratief medewerker, 2, 2, 80, 89, 1
33333333333333333333333333333332, 03df01f1050f36202d785bffb003d9b1, Administratief medewerker, 2, 2, 80, 80, 2

33333333333333333333333333333333, 03df01f1050f36202d785bffb003d9b1, Administratief medewerker, 2, 2, 80, 78, 1
33333333333333333333333333333333, 03df01f1050f36202d785bffb003d9b1, Administratief medewerker, 2, 2, 80, 89, 1
33333333333333333333333333333333, 03df01f1050f36202d785bffb003d9b1, Administratief medewerker, 2, 2, 80, 80, 2

33333333333333333333333333333334, 03df01f1050f36202d785bffb003d9b1, Administratief medewerker, 2, 2, 80, 78, 1
33333333333333333333333333333334, 03df01f1050f36202d785bffb003d9b1, Administratief medewerker, 2, 2, 80, 89, 1
33333333333333333333333333333334, 03df01f1050f36202d785bffb003d9b1, Administratief medewerker, 2, 2, 80, 80, 2

33333333333333333333333333333335, 03df01f1050f36202d785bffb003d9b1, Administratief medewerker, 2, 2, 80, 78, 1
33333333333333333333333333333335, 03df01f1050f36202d785bffb003d9b1, Administratief medewerker, 2, 3, 80, 89, 2

33333333333333333333333333333336, 03df01f1050f36202d785bffb003d9b1, Administratief medewerker, 2, 2, 80, 78, 1
33333333333333333333333333333336, 03df01f1050f36202d785bffb003d9b1, Administratief medewerker, 3, 1, 80, 89, 1
33333333333333333333333333333336, 03df01f1050f36202d785bffb003d9b1, Administratief medewerker, 3, 2, 80, 80, 2

33333333333333333333333333333337, 03df01f1050f36202d785bffb003d9b1, Administratief medewerker, 2, 2, 80, 78, 1
33333333333333333333333333333337, 03df01f1050f36202d785bffb003d9b1, Administratief medewerker, 2, 3, 80, 89, 1
33333333333333333333333333333337, 03df01f1050f36202d785bffb003d9b1, Administratief medewerker, 3, 2, 80, 80, 2

33333333333333333333333333333338, 03df01f1050f36202d785bffb003d9b1, Administratief medewerker, 2, 2, 80, 78, 1
33333333333333333333333333333338, 03df01f1050f36202d785bffb003d9b1, Administratief medewerker, 3, 1, 80, 89, 1
33333333333333333333333333333338, 03df01f1050f36202d785bffb003d9b1, Administratief medewerker, 3, 2, 80, 80, 2

33333333333333333333333333333339, 03df01f1050f36202d785bffb003d9b1, Administratief medewerker, 2, 2, 80, 78, 1
33333333333333333333333333333339, 03df01f1050f36202d785bffb003d9b1, Administratief medewerker, 2, 2, 80, 89, 2


